email0@mailtics.com,First Name 0, Last Name 0
email1@mailtics.com,First Name 1, Last Name 1
email2@mailtics.com,First Name 2, Last Name 2
email3@mailtics.com,First Name 3, Last Name 3
email4@mailtics.com,First Name 4, Last Name 4
email5@mailtics.com,First Name 5, Last Name 5
email6@mailtics.com,First Name 6, Last Name 6
email7@mailtics.com,First Name 7, Last Name 7
email8@mailtics.com,First Name 8, Last Name 8
email9@mailtics.com,First Name 9, Last Name 9
email10@mailtics.com,First Name 10, Last Name 10
email11@mailtics.com,First Name 11, Last Name 11
email12@mailtics.com,First Name 12, Last Name 12
email13@mailtics.com,First Name 13, Last Name 13
email14@mailtics.com,First Name 14, Last Name 14
email15@mailtics.com,First Name 15, Last Name 15
email16@mailtics.com,First Name 16, Last Name 16
email17@mailtics.com,First Name 17, Last Name 17
email18@mailtics.com,First Name 18, Last Name 18
email19@mailtics.com,First Name 19, Last Name 19
email20@mailtics.com,First Name 20, Last Name 20
email21@mailtics.com,First Name 21, Last Name 21
email22@mailtics.com,First Name 22, Last Name 22
email23@mailtics.com,First Name 23, Last Name 23
email24@mailtics.com,First Name 24, Last Name 24
email25@mailtics.com,First Name 25, Last Name 25
email26@mailtics.com,First Name 26, Last Name 26
email27@mailtics.com,First Name 27, Last Name 27
email28@mailtics.com,First Name 28, Last Name 28
email29@mailtics.com,First Name 29, Last Name 29
email30@mailtics.com,First Name 30, Last Name 30
email31@mailtics.com,First Name 31, Last Name 31
email32@mailtics.com,First Name 32, Last Name 32
email33@mailtics.com,First Name 33, Last Name 33
email34@mailtics.com,First Name 34, Last Name 34
email35@mailtics.com,First Name 35, Last Name 35
email36@mailtics.com,First Name 36, Last Name 36
email37@mailtics.com,First Name 37, Last Name 37
email38@mailtics.com,First Name 38, Last Name 38
email39@mailtics.com,First Name 39, Last Name 39
email40@mailtics.com,First Name 40, Last Name 40
email41@mailtics.com,First Name 41, Last Name 41
email42@mailtics.com,First Name 42, Last Name 42
email43@mailtics.com,First Name 43, Last Name 43
email44@mailtics.com,First Name 44, Last Name 44
email45@mailtics.com,First Name 45, Last Name 45
email46@mailtics.com,First Name 46, Last Name 46
email47@mailtics.com,First Name 47, Last Name 47
email48@mailtics.com,First Name 48, Last Name 48
email49@mailtics.com,First Name 49, Last Name 49
email50@mailtics.com,First Name 50, Last Name 50
email51@mailtics.com,First Name 51, Last Name 51
email52@mailtics.com,First Name 52, Last Name 52
email53@mailtics.com,First Name 53, Last Name 53
email54@mailtics.com,First Name 54, Last Name 54
email55@mailtics.com,First Name 55, Last Name 55
email56@mailtics.com,First Name 56, Last Name 56
email57@mailtics.com,First Name 57, Last Name 57
email58@mailtics.com,First Name 58, Last Name 58
email59@mailtics.com,First Name 59, Last Name 59
email60@mailtics.com,First Name 60, Last Name 60
email61@mailtics.com,First Name 61, Last Name 61
email62@mailtics.com,First Name 62, Last Name 62
email63@mailtics.com,First Name 63, Last Name 63
email64@mailtics.com,First Name 64, Last Name 64
email65@mailtics.com,First Name 65, Last Name 65
email66@mailtics.com,First Name 66, Last Name 66
email67@mailtics.com,First Name 67, Last Name 67
email68@mailtics.com,First Name 68, Last Name 68
email69@mailtics.com,First Name 69, Last Name 69
email70@mailtics.com,First Name 70, Last Name 70
email71@mailtics.com,First Name 71, Last Name 71
email72@mailtics.com,First Name 72, Last Name 72
email73@mailtics.com,First Name 73, Last Name 73
email74@mailtics.com,First Name 74, Last Name 74
email75@mailtics.com,First Name 75, Last Name 75
email76@mailtics.com,First Name 76, Last Name 76
email77@mailtics.com,First Name 77, Last Name 77
email78@mailtics.com,First Name 78, Last Name 78
email79@mailtics.com,First Name 79, Last Name 79
email80@mailtics.com,First Name 80, Last Name 80
email81@mailtics.com,First Name 81, Last Name 81
email82@mailtics.com,First Name 82, Last Name 82
email83@mailtics.com,First Name 83, Last Name 83
email84@mailtics.com,First Name 84, Last Name 84
email85@mailtics.com,First Name 85, Last Name 85
email86@mailtics.com,First Name 86, Last Name 86
email87@mailtics.com,First Name 87, Last Name 87
email88@mailtics.com,First Name 88, Last Name 88
email89@mailtics.com,First Name 89, Last Name 89
email90@mailtics.com,First Name 90, Last Name 90
email91@mailtics.com,First Name 91, Last Name 91
email92@mailtics.com,First Name 92, Last Name 92
email93@mailtics.com,First Name 93, Last Name 93
email94@mailtics.com,First Name 94, Last Name 94
email95@mailtics.com,First Name 95, Last Name 95
email96@mailtics.com,First Name 96, Last Name 96
email97@mailtics.com,First Name 97, Last Name 97
email98@mailtics.com,First Name 98, Last Name 98
email99@mailtics.com,First Name 99, Last Name 99
